{
    "personalTheme": {
        "colorRowEven": {
            "r": 0.760784387588501,
            "g": 0.760784387588501,
            "b": 0.760784387588501,
            "a": 1.0
        },
        "colorRowOdd": {
            "r": 0.7843137383460999,
            "g": 0.7843137383460999,
            "b": 0.7843137383460999,
            "a": 1.0
        },
        "colorGrid": {
            "r": 0.0,
            "g": 0.0,
            "b": 0.0,
            "a": 0.16078431904315949
        },
        "colorTreeView": {
            "r": 0.47843137383461,
            "g": 0.47843137383461,
            "b": 0.47843137383461,
            "a": 1.0
        },
        "colorLockIcon": {
            "r": 0.3176470696926117,
            "g": 0.3176470696926117,
            "b": 0.3176470696926117,
            "a": 1.0
        },
        "tagColor": {
            "r": 0.0,
            "g": 0.0,
            "b": 0.0,
            "a": 1.0
        },
        "layerColor": {
            "r": 0.0,
            "g": 0.0,
            "b": 0.0,
            "a": 1.0
        },
        "comSelBGColor": {
            "r": 0.9198113083839417,
            "g": 0.9645066857337952,
            "b": 1.0,
            "a": 1.0
        },
        "selectionColor": {
            "r": 0.0,
            "g": 0.5490196347236633,
            "b": 1.0,
            "a": 0.501960813999176
        },
        "colorHeaderTitle": {
            "r": 0.0784313753247261,
            "g": 0.0784313753247261,
            "b": 0.0784313753247261,
            "a": 1.0
        },
        "colorHeaderBackground": {
            "r": 0.9098039269447327,
            "g": 0.9098039269447327,
            "b": 0.9098039269447327,
            "a": 1.0
        }
    },
    "professionalTheme": {
        "colorRowEven": {
            "r": 0.21176470816135407,
            "g": 0.21176470816135407,
            "b": 0.21176470816135407,
            "a": 1.0
        },
        "colorRowOdd": {
            "r": 0.21960784494876862,
            "g": 0.21960784494876862,
            "b": 0.21960784494876862,
            "a": 1.0
        },
        "colorGrid": {
            "r": 0.16078431904315949,
            "g": 0.16078431904315949,
            "b": 0.16078431904315949,
            "a": 1.0
        },
        "colorTreeView": {
            "r": 0.41960784792900088,
            "g": 0.41960784792900088,
            "b": 0.41960784792900088,
            "a": 1.0
        },
        "colorLockIcon": {
            "r": 0.6980392336845398,
            "g": 0.6980392336845398,
            "b": 0.6980392336845398,
            "a": 1.0
        },
        "tagColor": {
            "r": 0.7058823704719544,
            "g": 0.7058823704719544,
            "b": 0.7058823704719544,
            "a": 1.0
        },
        "layerColor": {
            "r": 0.7058823704719544,
            "g": 0.7058823704719544,
            "b": 0.7058823704719544,
            "a": 1.0
        },
        "comSelBGColor": {
            "r": 1.0,
            "g": 0.16078431904315949,
            "b": 0.16078431904315949,
            "a": 0.5529412031173706
        },
        "selectionColor": {
            "r": 0.1725490242242813,
            "g": 0.364705890417099,
            "b": 0.529411792755127,
            "a": 1.0
        },
        "colorHeaderTitle": {
            "r": 0.8235294818878174,
            "g": 0.8235294818878174,
            "b": 0.8235294818878174,
            "a": 1.0
        },
        "colorHeaderBackground": {
            "r": 0.501960813999176,
            "g": 0.501960813999176,
            "b": 0.501960813999176,
            "a": 1.0
        }
    },
    "playmodeTheme": {
        "colorRowEven": {
            "r": 0.169411763548851,
            "g": 0.169411763548851,
            "b": 0.169411763548851,
            "a": 1.0
        },
        "colorRowOdd": {
            "r": 0.1756862848997116,
            "g": 0.1756862848997116,
            "b": 0.1756862848997116,
            "a": 1.0
        },
        "colorGrid": {
            "r": 0.1286274641752243,
            "g": 0.1286274641752243,
            "b": 0.1286274641752243,
            "a": 1.0
        },
        "colorTreeView": {
            "r": 0.3356862962245941,
            "g": 0.3356862962245941,
            "b": 0.3356862962245941,
            "a": 1.0
        },
        "colorLockIcon": {
            "r": 0.5584313869476318,
            "g": 0.5584313869476318,
            "b": 0.5584313869476318,
            "a": 1.0
        },
        "tagColor": {
            "r": 0.5647059082984924,
            "g": 0.5647059082984924,
            "b": 0.5647059082984924,
            "a": 1.0
        },
        "layerColor": {
            "r": 0.5647059082984924,
            "g": 0.5647059082984924,
            "b": 0.5647059082984924,
            "a": 1.0
        },
        "comSelBGColor": {
            "r": 0.800000011920929,
            "g": 0.1286274641752243,
            "b": 0.1286274641752243,
            "a": 0.5529412031173706
        },
        "selectionColor": {
            "r": 0.1380392163991928,
            "g": 0.2917647063732147,
            "b": 0.4235294461250305,
            "a": 1.0
        },
        "colorHeaderTitle": {
            "r": 0.6588236093521118,
            "g": 0.6588236093521118,
            "b": 0.6588236093521118,
            "a": 1.0
        },
        "colorHeaderBackground": {
            "r": 0.4015686511993408,
            "g": 0.4015686511993408,
            "b": 0.4015686511993408,
            "a": 1.0
        }
    },
    "activeHierarchy": true,
    "displayCustomObjectIcon": false,
    "displayTreeView": false,
    "displayRowBackground": false,
    "displayGrid": false,
    "displayStaticIcon": true,
    "offSetIconAfterName": 8,
    "displayComponents": false,
    "componentAlignment": 1,
    "componentDisplayMode": 0,
    "components": [
        "Transform",
        "RectTransform",
        "CanvasRenderer",
        "ParticleSystemRenderer"
    ],
    "componentLimited": 0,
    "componentSize": 16,
    "componentSpacing": 2,
    "displayTag": false,
    "tagAlignment": 0,
    "displayLayer": false,
    "layerAlignment": 0,
    "applyStaticTargetAndChild": true,
    "applyTagTargetAndChild": false,
    "applyLayerTargetAndChild": true,
    "separatorStartWith": "--->",
    "separatorDefaultTag": "Untagged",
    "useInstantBackground": false,
    "instantBackgroundColors": [],
    "onlyDisplayWhileMouseEnter": false,
    "contentDisplay": 3
}